{
  "EmployeesDataGrid": {
    "\u0420\u043E\u043B\u044C": 89.50666666666667,
    "\u0424\u0418\u041E": 52.75333333333333,
    "\u0414\u043E\u043B\u0436\u043D\u043E\u0441\u0442\u044C": 88.09666666666666,
    "\u041E\u0440\u0433\u0430\u043D\u0438\u0437\u0430\u0446\u0438\u044F": 88.36666666666667,
    "\u041F\u0440\u0438\u043A\u0430\u0437 \u2116": 72.75,
    "\u0414\u0430\u0442\u0430 \u043F\u0440\u0438\u043A\u0430\u0437\u0430": 89.22333333333334,
    "\u041D\u0420\u0421 \u2116": 55.42,
    "\u0414\u0430\u0442\u0430 \u043D\u0430\u0447\u0430\u043B\u0430": 83.09333333333333,
    "\u0414\u0430\u0442\u0430 \u043E\u043A\u043E\u043D\u0447\u0430\u043D\u0438\u044F": 104.51666666666667,
    "\u0424\u0430\u0439\u043B": 60
  },
  "MaterialsDataGrid": {
    "\u041A\u0430\u0442\u0435\u0433\u043E\u0440\u0438\u044F": 67.29,
    "\u041D\u0430\u0437\u0432\u0430\u043D\u0438\u0435": 64.22666666666666,
    "\u0422\u0438\u043F \u0434\u043E\u043A.": 170.82999999999998,
    "\u2116 \u0434\u043E\u043A.": 51.67,
    "\u0414\u0430\u0442\u0430 \u0434\u043E\u043A.": 62.660000000000004,
    "\u0415\u0434. \u0438\u0437\u043C.": 54.37666666666667,
    "\u041E\u0431\u044A\u0451\u043C": 50.64,
    "\u041F\u0440\u043E\u0438\u0437\u0432\u043E\u0434\u0438\u0442\u0435\u043B\u044C": 94.33666666666667,
    "\u041F\u043E\u0441\u0442\u0430\u0432\u0449\u0438\u043A": 72.23,
    "\u0424\u0430\u0439\u043B": 41.77666666666667
  },
  "SchemasDataGrid": {
    "\u2116 \u0441\u0445\u0435\u043C\u044B": 76.28333333333333,
    "\u041D\u0430\u0437\u0432\u0430\u043D\u0438\u0435": 251.99,
    "\u0421\u0442\u0430\u0434\u0438\u044F": 60.43666666666667,
    "\u0414\u0430\u0442\u0430": 113.79666666666667,
    "\u0410\u0432\u0442\u043E\u0440": 54.32,
    "\u0424\u0430\u0439\u043B": 60
  },
  "ProtocolsDataGrid": {
    "\u0422\u0438\u043F \u0434\u043E\u043A.": 133.05333333333334,
    "\u2116 \u043F\u0440\u043E\u0442\u043E\u043A\u043E\u043B\u0430": 102.52000000000001,
    "\u041D\u0430\u0438\u043C\u0435\u043D\u043E\u0432\u0430\u043D\u0438\u0435": 351,
    "\u0414\u0430\u0442\u0430": 113.79666666666667,
    "\u041B\u0430\u0431\u043E\u0440\u0430\u0442\u043E\u0440\u0438\u044F": 100.56,
    "\u0420\u0435\u0437\u0443\u043B\u044C\u0442\u0430\u0442": 91.91333333333334,
    "\u0424\u0430\u0439\u043B": 60
  }
}